{
  "n_channels": 50,
  "n_classes": 6,
  "seq_len": 45,
  "feature_names": [
    "thi_THI_max",
    "thi_temperature_F_max",
    "uwb_coord_y_cm_mean",
    "uwb_coord_z_cm_max",
    "uwb_coord_x_cm_max",
    "immu_accel_y_mps2_mean",
    "thi_humidity_per_mean",
    "thi_temperature_F_min",
    "immu_mag_z_uT_max",
    "thi_humidity_per_max",
    "uwb_coord_y_cm_min",
    "pressure_elevation_m_min",
    "immu_accel_y_mps2_max",
    "uwb_coord_x_cm_min",
    "thi_humidity_per_min",
    "immu_accel_y_mps2_min",
    "cbt_temperature_C_min",
    "thi_THI_mean",
    "thi_THI_min",
    "uwb_coord_y_cm_std",
    "uwb_coord_x_cm_std",
    "immu_accel_z_mps2_min",
    "pressure_elevation_m_std",
    "uwb_coord_z_cm_min",
    "uwb_coord_y_cm_max",
    "pressure_pressure_Pa_std",
    "uwb_coord_x_cm_skew",
    "thi_humidity_per_std",
    "cbt_temperature_C_max",
    "immu_mag_y_uT_std",
    "immu_mag_x_uT_min",
    "pressure_elevation_m_mean",
    "pressure_elevation_m_skew",
    "immu_mag_z_uT_mean",
    "pressure_pressure_Pa_max",
    "pressure_elevation_m_max",
    "uwb_coord_x_cm_mean",
    "thi_temperature_F_std",
    "thi_temperature_F_mean",
    "uwb_coord_y_cm_skew",
    "uwb_coord_z_cm_skew",
    "pressure_pressure_Pa_min",
    "cbt_temperature_C_mean",
    "immu_accel_z_mps2_mean",
    "pressure_pressure_Pa_skew",
    "immu_mag_y_uT_mean",
    "immu_accel_y_mps2_std",
    "thi_THI_std",
    "immu_accel_x_mps2_max",
    "uwb_coord_z_cm_mean"
  ],
  "feature_mean": [
    74.73368835449219,
    25.410303115844727,
    -85.08682250976562,
    95.87964630126953,
    45.685585021972656,
    -0.8053845167160034,
    74.30924224853516,
    25.345197677612305,
    -42.906185150146484,
    74.66100311279297,
    -98.9672622680664,
    211.5130157470703,
    0.39142054319381714,
    9.92580795288086,
    73.95435333251953,
    -1.9592597484588623,
    22.426794052124023,
    74.67049407958984,
    74.60660552978516,
    13.187019348144531,
    16.58369255065918,
    -6.159772872924805,
    0.05984186753630638,
    73.1039047241211,
    -70.56102752685547,
    0.6987923979759216,
    -0.01248166710138321,
    0.28927016258239746,
    22.45347023010254,
    2.0907821655273438,
    -16.191226959228516,
    211.63461303710938,
    0.007026439532637596,
    -46.13250732421875,
    73487.484375,
    211.75645446777344,
    27.828731536865234,
    0.02647952176630497,
    25.377742767333984,
    -0.003753115190193057,
    -0.013911294750869274,
    73484.6328125,
    22.440210342407227,
    -5.248714447021484,
    -0.005703348200768232,
    -9.044464111328125,
    0.47198235988616943,
    0.05191671848297119,
    -2.260544538497925,
    84.81285858154297
  ],
  "feature_std": [
    4.13264799118042,
    3.3596458435058594,
    328.4422302246094,
    72.40077209472656,
    306.58740234375,
    2.648423433303833,
    10.480619430541992,
    3.354482650756836,
    70.94918823242188,
    10.255754470825195,
    336.7470703125,
    122.64215850830078,
    3.36029314994812,
    310.6707763671875,
    10.711861610412598,
    2.9910600185394287,
    18.958581924438477,
    4.110212326049805,
    4.0870184898376465,
    34.97300720214844,
    46.270145416259766,
    4.129876613616943,
    0.07415531575679779,
    64.8487319946289,
    323.31231689453125,
    0.866879940032959,
    0.5973400473594666,
    0.27200400829315186,
    18.97802734375,
    3.5698609352111816,
    25.63625717163086,
    122.71220397949219,
    0.47333580255508423,
    70.37566375732422,
    42428.24609375,
    122.78267669677734,
    304.9825439453125,
    0.017611214891076088,
    3.357043981552124,
    0.5993778109550476,
    0.5803138613700867,
    42426.6015625,
    18.9678955078125,
    3.619316816329956,
    0.47512707114219666,
    17.605897903442383,
    0.7091655731201172,
    0.03684224188327789,
    3.3898768424987793,
    61.973018646240234
  ]
}